x,y,H,B,P,M
25,0,1,9,0,0
26,0,0,9,0,0
27,0,1,20,0,0
28,0,0,10,0,0
29,0,2,18,0,0
30,0,1,15,0,0
31,0,1,12,0,0
32,0,1,14,0,0
33,0,1,16,0,0
34,0,2,13,0,0
21,1,0,12,0,0
22,1,1,15,0,0
23,1,0,11,0,0
24,1,2,11,0,0
25,1,1,28,0,0
26,1,2,20,0,0
27,1,3,22,0,0
28,1,1,14,0,0
29,1,3,19,0,0
30,1,7,12,0,0
31,1,2,22,0,0
32,1,2,23,0,0
33,1,1,16,0,0
34,1,2,14,0,0
35,1,4,10,0,0
36,1,1,19,0,0
37,1,5,15,0,0
38,1,1,10,0,0
18,2,1,7,0,0
19,2,1,20,0,0
20,2,0,18,0,0
21,2,0,22,0,0
22,2,0,22,0,0
23,2,3,13,0,0
24,2,4,14,0,0
25,2,3,13,0,0
26,2,4,28,0,0
27,2,2,20,0,0
28,2,7,18,0,0
29,2,5,22,0,0
30,2,3,18,0,0
31,2,2,17,0,0
32,2,2,27,0,0
33,2,2,22,0,0
34,2,1,17,0,0
35,2,2,25,0,0
36,2,3,15,0,0
37,2,1,20,0,0
38,2,1,19,0,0
39,2,2,18,0,0
40,2,2,6,0,0
41,2,0,8,0,0
16,3,3,7,0,0
17,3,0,10,0,0
18,3,2,23,0,0
19,3,2,15,0,0
20,3,1,25,0,0
21,3,0,19,0,0
22,3,0,30,0,0
23,3,1,19,0,0
24,3,2,18,0,0
25,3,0,20,0,0
26,3,0,21,0,0
27,3,8,18,0,0
28,3,7,27,0,0
29,3,2,25,0,0
30,3,0,17,0,0
31,3,2,28,0,0
32,3,2,15,0,0
33,3,15,24,0,0
34,3,4,20,0,0
35,3,5,21,0,0
36,3,7,17,0,0
37,3,3,20,0,0
38,3,2,26,0,0
39,3,2,20,0,0
40,3,2,25,0,0
41,3,3,15,0,0
42,3,3,18,0,0
43,3,0,10,0,0
14,4,1,12,0,0
15,4,2,18,0,0
16,4,1,17,0,0
17,4,2,21,0,0
18,4,4,18,0,0
19,4,0,25,0,0
20,4,1,21,0,0
21,4,4,13,0,0
22,4,2,14,0,0
23,4,4,14,0,0
24,4,1,17,0,0
25,4,2,23,0,0
26,4,1,20,0,0
27,4,0,28,0,0
28,4,2,20,0,0
29,4,1,19,0,0
30,4,0,15,0,0
31,4,1,22,0,0
32,4,1,26,0,0
33,4,2,17,0,0
34,4,1,10,0,0
35,4,7,15,0,0
36,4,4,17,0,0
37,4,1,18,0,0
38,4,3,12,0,0
39,4,3,23,0,0
40,4,2,29,0,0
41,4,1,18,0,0
42,4,3,13,0,0
43,4,3,12,0,0
44,4,0,16,0,0
45,4,1,15,0,0
13,5,1,11,0,0
14,5,1,19,0,0
15,5,5,17,0,0
16,5,4,20,0,0
17,5,3,13,0,0
18,5,1,26,0,0
19,5,0,24,0,0
20,5,3,16,0,0
21,5,3,19,0,0
22,5,1,19,0,0
23,5,3,25,0,0
24,5,0,19,0,0
25,5,2,21,0,0
26,5,3,14,0,0
27,5,0,14,0,0
28,5,1,21,0,0
29,5,2,19,0,0
30,5,1,24,0,0
31,5,0,7,0,0
32,5,2,24,0,0
33,5,1,26,0,0
34,5,2,15,0,0
35,5,2,19,0,0
36,5,2,16,0,0
37,5,3,16,0,0
38,5,7,22,0,0
39,5,1,17,0,0
40,5,0,15,0,0
41,5,5,18,0,0
42,5,1,24,0,0
43,5,2,20,0,0
44,5,2,16,0,0
45,5,3,26,0,0
46,5,4,11,0,0
11,6,2,12,0,0
12,6,2,10,0,0
13,6,1,17,0,0
14,6,0,23,0,0
15,6,1,17,0,0
16,6,2,19,0,0
17,6,2,32,0,0
18,6,2,14,0,0
19,6,1,15,0,0
20,6,4,29,0,0
21,6,0,21,0,0
22,6,2,16,0,0
23,6,0,18,0,0
24,6,1,21,0,0
25,6,3,18,0,0
26,6,3,16,0,0
27,6,0,23,0,0
28,6,2,15,0,0
29,6,2,15,0,0
30,6,5,16,0,0
31,6,1,18,0,0
32,6,4,19,0,0
33,6,2,19,0,0
34,6,0,17,0,0
35,6,2,20,0,0
36,6,0,15,0,0
37,6,2,25,0,0
38,6,5,18,0,0
39,6,2,21,0,0
40,6,3,19,0,0
41,6,5,17,0,0
42,6,1,19,0,0
43,6,3,16,0,0
44,6,2,17,0,0
45,6,4,16,0,0
46,6,1,8,0,0
47,6,2,7,0,0
48,6,0,9,0,0
10,7,0,9,0,0
11,7,2,17,0,0
12,7,2,19,0,0
13,7,2,15,0,0
14,7,1,17,0,0
15,7,1,27,0,0
16,7,1,18,0,0
17,7,3,25,0,0
18,7,1,13,0,0
19,7,3,23,0,0
20,7,1,22,0,0
21,7,0,21,0,0
22,7,1,26,0,0
23,7,1,10,0,0
24,7,3,19,0,0
25,7,8,10,0,0
26,7,2,23,0,0
27,7,1,22,0,0
28,7,1,22,0,0
29,7,1,21,0,0
30,7,0,24,0,0
31,7,5,8,0,0
32,7,0,26,0,0
33,7,0,19,0,0
34,7,3,17,0,0
35,7,1,19,0,0
36,7,2,15,0,0
37,7,2,18,0,0
38,7,2,27,0,0
39,7,1,20,0,0
40,7,2,19,0,0
41,7,3,26,0,0
42,7,1,21,0,0
43,7,1,19,0,0
44,7,1,23,0,0
45,7,0,24,0,0
46,7,1,15,0,0
47,7,1,16,0,0
48,7,4,23,0,0
49,7,1,9,0,0
9,8,0,13,0,0
10,8,1,19,0,0
11,8,2,31,0,0
12,8,3,24,0,0
13,8,2,17,0,0
14,8,2,24,0,0
15,8,1,26,0,0
16,8,5,16,0,0
17,8,2,16,0,0
18,8,4,16,0,0
19,8,1,14,0,0
20,8,2,18,0,0
21,8,2,12,0,0
22,8,3,19,0,0
23,8,1,17,0,0
24,8,3,12,0,0
25,8,1,18,0,0
26,8,0,9,0,0
27,8,2,20,0,0
28,8,3,23,0,0
29,8,2,20,0,0
30,8,3,21,0,0
31,8,7,11,0,0
32,8,2,20,0,0
33,8,2,26,0,0
34,8,1,15,0,0
35,8,1,14,0,0
36,8,0,19,0,0
37,8,0,25,0,0
38,8,0,19,0,0
39,8,1,17,0,0
40,8,3,22,0,0
41,8,4,22,0,0
42,8,1,26,0,0
43,8,1,14,0,0
44,8,1,18,0,0
45,8,0,20,0,0
46,8,0,23,0,0
47,8,0,17,0,0
48,8,3,18,0,0
49,8,3,19,0,0
50,8,0,15,0,0
8,9,1,7,0,0
9,9,3,24,0,0
10,9,3,18,0,0
11,9,0,13,0,0
12,9,1,21,0,0
13,9,4,17,0,0
14,9,5,23,0,0
15,9,2,15,0,0
16,9,1,19,0,0
17,9,1,15,0,0
18,9,3,20,0,0
19,9,2,18,0,0
20,9,3,13,0,0
21,9,2,17,0,0
22,9,8,17,0,0
23,9,4,13,0,0
24,9,3,16,0,0
25,9,4,16,0,0
26,9,2,24,0,0
27,9,4,18,0,0
28,9,1,18,0,0
29,9,4,20,0,0
30,9,1,21,0,0
31,9,1,17,0,0
32,9,1,15,0,0
33,9,2,18,0,0
34,9,1,25,0,0
35,9,1,22,0,0
36,9,1,20,0,0
37,9,1,23,0,0
38,9,4,18,0,0
39,9,4,21,0,0
40,9,1,19,0,0
41,9,1,26,0,0
42,9,0,14,0,0
43,9,0,21,0,0
44,9,2,27,0,0
45,9,1,23,0,0
46,9,4,27,0,0
47,9,1,16,0,0
48,9,1,22,0,0
49,9,3,17,0,0
50,9,2,22,0,0
51,9,0,10,0,0
7,10,3,10,0,0
8,10,1,23,0,0
9,10,4,17,0,0
10,10,2,20,0,0
11,10,2,24,0,0
12,10,2,24,0,0
13,10,6,21,0,0
14,10,2,18,0,0
15,10,4,15,0,0
16,10,3,23,0,0
17,10,3,22,0,0
18,10,2,18,0,0
19,10,1,21,0,0
20,10,0,16,0,0
21,10,2,16,0,0
22,10,1,15,0,0
23,10,0,12,0,0
24,10,3,20,0,0
25,10,3,25,0,0
26,10,1,17,0,0
27,10,3,28,0,0
28,10,5,24,0,0
29,10,1,22,0,0
30,10,0,18,0,0
31,10,1,19,0,0
32,10,2,24,0,0
33,10,2,14,0,0
34,10,1,18,0,0
35,10,3,20,0,0
36,10,1,14,0,0
37,10,3,22,0,0
38,10,3,21,0,0
39,10,1,22,0,0
40,10,1,19,0,0
41,10,0,19,0,0
42,10,2,18,0,0
43,10,0,18,0,0
44,10,1,13,0,0
45,10,2,15,0,0
46,10,5,16,0,0
47,10,1,27,0,0
48,10,3,20,0,0
49,10,0,13,0,0
50,10,1,17,0,0
51,10,1,18,0,0
52,10,0,15,0,0
6,11,2,12,0,0
7,11,5,10,0,0
8,11,3,19,0,0
9,11,12,13,0,0
10,11,8,24,0,0
11,11,7,21,0,0
12,11,1,19,0,0
13,11,4,14,0,0
14,11,1,16,0,0
15,11,3,19,0,0
16,11,1,19,0,0
17,11,3,16,0,0
18,11,1,15,0,0
19,11,3,12,0,0
20,11,7,13,0,0
21,11,3,16,0,0
22,11,1,13,0,0
23,11,4,11,0,0
24,11,0,16,0,0
25,11,1,14,0,0
26,11,0,26,0,0
27,11,2,13,0,0
28,11,0,22,0,0
29,11,2,22,0,0
30,11,0,20,0,0
31,11,0,12,0,0
32,11,3,21,0,0
33,11,4,15,0,0
34,11,0,19,0,0
35,11,0,23,0,0
36,11,1,32,0,0
37,11,0,11,0,0
38,11,0,14,0,0
39,11,2,20,0,0
40,11,3,16,0,0
41,11,1,21,0,0
42,11,2,24,0,0
43,11,1,23,0,0
44,11,2,24,0,0
45,11,0,23,0,0
46,11,3,22,0,0
47,11,1,23,0,0
48,11,1,14,0,0
49,11,0,16,0,0
50,11,0,28,0,0
51,11,1,14,0,0
52,11,1,22,0,0
53,11,2,5,0,0
6,12,2,13,0,0
7,12,5,19,0,0
8,12,8,15,0,0
9,12,16,17,0,0
10,12,3,17,0,0
11,12,4,15,0,0
12,12,5,13,0,0
13,12,3,19,0,0
14,12,3,17,0,0
15,12,1,17,0,0
16,12,2,10,0,0
17,12,5,20,0,0
18,12,5,12,0,0
19,12,13,16,0,0
20,12,3,17,0,0
21,12,8,23,0,0
22,12,3,15,0,0
23,12,4,18,0,0
24,12,0,14,0,0
25,12,3,12,0,0
26,12,2,19,0,0
27,12,4,16,0,0
28,12,5,12,0,0
29,12,1,17,0,0
30,12,1,15,0,0
31,12,0,17,0,0
32,12,4,20,0,0
33,12,3,22,0,0
34,12,1,18,0,0
35,12,1,17,0,0
36,12,1,15,0,0
37,12,1,19,0,0
38,12,0,12,0,0
39,12,1,20,0,0
40,12,0,21,0,0
41,12,1,19,0,0
42,12,1,19,0,0
43,12,3,19,0,0
44,12,0,23,0,0
45,12,1,21,0,0
46,12,3,18,0,0
47,12,4,13,0,0
48,12,2,19,0,0
49,12,2,21,0,0
50,12,1,20,0,0
51,12,1,16,0,0
52,12,1,23,0,0
53,12,5,13,0,0
5,13,4,7,0,0
6,13,4,30,0,0
7,13,1,12,0,0
8,13,1,18,0,0
9,13,3,21,0,0
10,13,4,15,0,0
11,13,3,15,0,0
12,13,0,21,0,0
13,13,0,16,0,0
14,13,5,19,0,0
15,13,1,19,0,0
16,13,0,19,0,0
17,13,7,15,0,0
18,13,4,17,0,0
19,13,9,21,0,0
20,13,3,20,0,0
21,13,1,21,0,0
22,13,0,21,0,0
23,13,0,10,0,0
24,13,0,14,0,0
25,13,1,20,0,0
26,13,3,19,0,0
27,13,2,13,0,0
28,13,5,16,0,0
29,13,2,22,0,0
30,13,2,17,0,0
31,13,2,19,0,0
32,13,2,16,0,0
33,13,1,15,0,0
34,13,5,21,0,0
35,13,3,21,0,0
36,13,2,15,0,0
37,13,2,21,0,0
38,13,0,27,0,0
39,13,0,11,0,0
40,13,1,15,0,0
41,13,0,13,0,0
42,13,2,13,0,0
43,13,3,18,0,0
44,13,2,18,0,0
45,13,1,19,0,0
46,13,1,17,0,0
47,13,2,13,0,0
48,13,1,18,0,0
49,13,2,22,0,0
50,13,3,21,0,0
51,13,2,16,0,0
52,13,2,25,0,0
53,13,1,14,0,0
54,13,1,18,0,0
4,14,1,6,0,0
5,14,11,11,0,0
6,14,3,23,0,0
7,14,4,22,0,0
8,14,2,19,0,0
9,14,0,14,0,0
10,14,2,17,0,0
11,14,1,18,0,0
12,14,2,13,0,0
13,14,1,21,0,0
14,14,3,14,0,0
15,14,3,17,0,0
16,14,3,20,0,0
17,14,4,14,0,0
18,14,0,21,0,0
19,14,3,20,0,0
20,14,2,20,0,0
21,14,0,16,0,0
22,14,2,15,0,0
23,14,1,13,0,0
24,14,5,14,0,0
25,14,7,14,0,0
26,14,3,13,0,0
27,14,4,13,0,0
28,14,1,16,0,0
29,14,6,14,0,0
30,14,2,17,0,0
31,14,2,13,0,0
32,14,0,14,0,0
33,14,3,20,0,0
34,14,2,15,0,0
35,14,2,17,0,0
36,14,2,12,0,0
37,14,0,15,0,0
38,14,2,19,0,0
39,14,2,23,0,0
40,14,1,31,0,0
41,14,1,12,0,0
42,14,2,24,0,0
43,14,1,20,0,0
44,14,1,21,0,0
45,14,1,20,0,0
46,14,2,13,0,0
47,14,2,23,0,0
48,14,4,14,0,0
49,14,1,25,0,0
50,14,1,16,0,0
51,14,0,25,0,0
52,14,3,17,0,0
53,14,1,19,0,0
54,14,2,19,0,0
55,14,3,3,0,0
4,15,2,15,0,0
5,15,4,13,0,0
6,15,2,19,0,0
7,15,4,26,0,0
8,15,0,13,0,0
9,15,1,17,0,0
10,15,1,13,0,0
11,15,0,18,0,0
12,15,3,23,0,0
13,15,2,15,0,0
14,15,0,17,0,0
15,15,8,19,0,0
16,15,2,24,0,0
17,15,0,17,0,0
18,15,0,14,0,0
19,15,5,12,0,0
20,15,5,13,0,0
21,15,1,18,0,0
22,15,2,16,0,0
23,15,3,7,0,0
24,15,7,9,0,0
25,15,72,9,0,0
26,15,12,9,0,0
27,15,3,7,0,0
28,15,1,13,0,0
29,15,2,16,0,0
30,15,3,15,0,0
31,15,1,22,0,0
32,15,5,17,0,0
33,15,1,23,0,0
34,15,4,19,0,0
35,15,5,24,0,0
36,15,11,25,0,0
37,15,6,16,0,0
38,15,1,15,0,0
39,15,2,18,0,0
40,15,2,19,0,0
41,15,1,19,0,0
42,15,0,20,0,0
43,15,1,23,0,0
44,15,1,23,0,0
45,15,1,16,0,0
46,15,2,17,0,0
47,15,2,20,0,0
48,15,1,20,0,0
49,15,7,15,0,0
50,15,0,21,0,0
51,15,3,20,0,0
52,15,0,22,0,0
53,15,1,27,0,0
54,15,1,25,0,0
55,15,0,16,0,0
3,16,0,10,0,0
4,16,4,19,0,0
5,16,3,14,0,0
6,16,1,15,0,0
7,16,3,23,0,0
8,16,0,14,0,0
9,16,1,16,0,0
10,16,1,19,0,0
11,16,1,22,0,0
12,16,6,13,0,0
13,16,2,13,0,0
14,16,3,18,0,0
15,16,0,16,0,0
16,16,2,23,0,0
17,16,3,16,0,0
18,16,2,16,0,0
19,16,7,12,0,0
20,16,5,18,0,0
21,16,3,18,0,0
22,16,3,12,0,0
23,16,4,13,0,0
24,16,42,10,0,0
25,16,353,1,0,0
26,16,75,7,0,0
27,16,7,10,0,0
28,16,2,17,0,0
29,16,3,21,0,0
30,16,2,20,0,0
31,16,3,22,0,0
32,16,0,18,0,0
33,16,2,23,0,0
34,16,3,12,0,0
35,16,3,17,0,0
36,16,3,21,0,0
37,16,2,20,0,0
38,16,2,13,0,0
39,16,2,22,0,0
40,16,1,17,0,0
41,16,5,16,0,0
42,16,1,21,0,0
43,16,1,26,0,0
44,16,5,18,0,0
45,16,3,17,0,0
46,16,2,12,0,0
47,16,2,27,0,0
48,16,3,11,0,0
49,16,1,21,0,0
50,16,0,21,0,0
51,16,0,24,0,0
52,16,1,12,0,0
53,16,0,21,0,0
54,16,2,20,0,0
55,16,2,16,0,0
56,16,2,10,0,0
3,17,1,7,0,0
4,17,3,14,0,0
5,17,0,18,0,0
6,17,4,11,0,0
7,17,2,21,0,0
8,17,6,32,0,0
9,17,0,21,0,0
10,17,4,27,0,0
11,17,0,14,0,0
12,17,4,19,0,0
13,17,2,15,0,0
14,17,1,23,0,0
15,17,0,17,0,0
16,17,6,16,0,0
17,17,6,23,0,0
18,17,18,17,0,0
19,17,6,7,0,0
20,17,3,10,0,0
21,17,1,13,0,0
22,17,2,9,0,0
23,17,3,13,0,0
24,17,12,5,0,0
25,17,68,8,0,0
26,17,19,9,0,0
27,17,6,9,0,0
28,17,2,12,0,0
29,17,1,9,0,0
30,17,1,14,0,0
31,17,1,13,0,0
32,17,2,13,0,0
33,17,1,17,0,0
34,17,6,20,0,0
35,17,0,19,0,0
36,17,0,21,0,0
37,17,1,23,0,0
38,17,3,23,0,0
39,17,2,22,0,0
40,17,2,21,0,0
41,17,5,14,0,0
42,17,4,29,0,0
43,17,2,18,0,0
44,17,0,20,0,0
45,17,1,15,0,0
46,17,1,20,0,0
47,17,2,21,0,0
48,17,5,26,0,0
49,17,2,18,0,0
50,17,2,28,0,0
51,17,1,21,0,0
52,17,2,26,0,0
53,17,1,26,0,0
54,17,3,16,0,0
55,17,1,15,0,0
56,17,1,24,0,0
2,18,1,13,0,0
3,18,1,14,0,0
4,18,0,16,0,0
5,18,4,14,0,0
6,18,1,16,0,0
7,18,2,15,0,0
8,18,5,16,0,0
9,18,2,16,0,0
10,18,0,12,0,0
11,18,4,13,0,0
12,18,1,17,0,0
13,18,2,22,0,0
14,18,2,22,0,0
15,18,6,15,0,0
16,18,0,14,0,0
17,18,9,21,0,0
18,18,83,11,0,0
19,18,5,8,0,0
20,18,1,18,0,0
21,18,0,18,0,0
22,18,1,17,0,0
23,18,1,13,0,0
24,18,4,8,0,0
25,18,12,12,0,0
26,18,7,15,0,0
27,18,2,13,0,0
28,18,3,12,0,0
29,18,2,21,0,0
30,18,1,21,0,0
31,18,1,11,0,0
32,18,3,17,0,0
33,18,1,18,0,0
34,18,3,18,0,0
35,18,3,14,0,0
36,18,2,17,0,0
37,18,2,14,0,0
38,18,3,14,0,0
39,18,1,14,0,0
40,18,0,20,0,0
41,18,7,17,0,0
42,18,4,17,0,0
43,18,2,20,0,0
44,18,4,15,0,0
45,18,0,15,0,0
46,18,3,20,0,0
47,18,2,16,0,0
48,18,3,16,0,0
49,18,1,20,0,0
50,18,4,21,0,0
51,18,3,18,0,0
52,18,1,17,0,0
53,18,2,27,0,0
54,18,1,11,0,0
55,18,0,16,0,0
56,18,12,29,0,0
57,18,3,9,0,0
2,19,1,14,0,0
3,19,1,20,0,0
4,19,3,15,0,0
5,19,0,12,0,0
6,19,1,15,0,0
7,19,3,14,0,0
8,19,2,8,0,0
9,19,3,18,0,0
10,19,2,18,0,0
11,19,2,24,0,0
12,19,1,21,0,0
13,19,2,15,0,0
14,19,1,14,0,0
15,19,1,14,0,0
16,19,1,13,0,0
17,19,2,15,0,0
18,19,14,11,0,0
19,19,6,19,0,0
20,19,2,23,0,0
21,19,1,12,0,0
22,19,0,8,0,0
23,19,1,19,0,0
24,19,6,8,0,0
25,19,3,11,0,0
26,19,1,10,0,0
27,19,1,19,0,0
28,19,4,15,0,0
29,19,2,15,0,0
30,19,3,12,0,0
31,19,2,19,0,0
32,19,0,10,0,0
33,19,3,15,0,0
34,19,1,13,0,0
35,19,1,18,0,0
36,19,3,23,0,0
37,19,4,11,0,0
38,19,1,20,0,0
39,19,0,13,0,0
40,19,2,14,0,0
41,19,0,11,0,0
42,19,1,13,0,0
43,19,1,14,0,0
44,19,7,15,0,0
45,19,2,16,0,0
46,19,3,26,0,0
47,19,1,17,0,0
48,19,0,24,0,0
49,19,1,22,0,0
50,19,0,17,0,0
51,19,0,17,0,0
52,19,1,18,0,0
53,19,2,29,0,0
54,19,2,19,0,0
55,19,2,17,0,0
56,19,6,15,0,0
57,19,5,15,0,0
2,20,1,20,0,0
3,20,2,17,0,0
4,20,2,16,0,0
5,20,7,8,0,0
6,20,0,18,0,0
7,20,7,16,0,0
8,20,11,17,0,0
9,20,7,16,0,0
10,20,3,19,0,0
11,20,4,19,0,0
12,20,2,20,0,0
13,20,0,21,0,0
14,20,3,21,0,0
15,20,1,22,0,0
16,20,7,19,0,0
17,20,8,21,0,0
18,20,10,13,0,0
19,20,2,15,0,0
20,20,1,12,0,0
21,20,5,19,0,0
22,20,3,16,0,0
23,20,6,18,0,0
24,20,1,14,0,0
25,20,3,14,0,0
26,20,2,17,0,0
27,20,0,16,0,0
28,20,0,20,0,0
29,20,0,21,0,0
30,20,1,17,0,0
31,20,1,6,0,0
32,20,0,19,0,0
33,20,2,9,0,0
34,20,2,19,0,0
35,20,2,18,0,0
36,20,3,23,0,0
37,20,5,16,0,0
38,20,0,19,0,0
39,20,1,20,0,0
40,20,1,19,0,0
41,20,2,21,0,0
42,20,5,19,0,0
43,20,0,28,0,0
44,20,1,17,0,0
45,20,2,15,0,0
46,20,1,20,0,0
47,20,3,22,0,0
48,20,1,15,0,0
49,20,0,21,0,0
50,20,1,14,0,0
51,20,3,13,0,0
52,20,0,22,0,0
53,20,5,14,0,0
54,20,2,16,0,0
55,20,1,18,0,0
56,20,4,21,0,0
57,20,7,17,0,0
1,21,1,8,0,0
2,21,2,24,0,0
3,21,3,11,0,0
4,21,0,10,0,0
5,21,4,10,0,0
6,21,2,8,0,0
7,21,3,11,0,0
8,21,10,12,0,0
9,21,5,13,0,0
10,21,3,13,0,0
11,21,3,21,0,0
12,21,4,16,0,0
13,21,6,13,0,0
14,21,8,17,0,0
15,21,1,21,0,0
16,21,4,18,0,0
17,21,4,17,0,0
18,21,0,13,0,0
19,21,2,18,0,0
20,21,3,17,0,0
21,21,2,13,0,0
22,21,3,24,0,0
23,21,2,19,0,0
24,21,2,14,0,0
25,21,2,18,0,0
26,21,2,20,0,0
27,21,1,14,0,0
28,21,2,15,0,0
29,21,2,14,0,0
30,21,1,20,0,0
31,21,2,16,0,0
32,21,0,16,0,0
33,21,1,17,0,0
34,21,3,24,0,0
35,21,10,17,0,0
36,21,0,27,0,0
37,21,3,21,0,0
38,21,6,19,0,0
39,21,1,20,0,0
40,21,2,21,0,0
41,21,0,14,0,0
42,21,3,22,0,0
43,21,3,17,0,0
44,21,6,29,0,0
45,21,2,26,0,0
46,21,8,24,0,0
47,21,3,18,0,0
48,21,2,21,0,0
49,21,2,27,0,0
50,21,0,18,0,0
51,21,0,15,0,0
52,21,1,22,0,0
53,21,0,14,0,0
54,21,1,21,0,0
55,21,0,22,0,0
56,21,4,20,0,0
57,21,2,23,0,0
58,21,1,7,0,0
1,22,1,8,0,0
2,22,5,10,0,0
3,22,3,15,0,0
4,22,2,13,0,0
5,22,2,8,0,0
6,22,2,15,0,0
7,22,6,13,0,0
8,22,0,14,0,0
9,22,5,14,0,0
10,22,2,12,0,0
11,22,2,13,0,0
12,22,0,17,0,0
13,22,2,19,0,0
14,22,8,11,0,0
15,22,2,21,0,0
16,22,0,14,0,0
17,22,0,18,0,0
18,22,0,11,0,0
19,22,1,14,0,0
20,22,1,21,0,0
21,22,2,10,0,0
22,22,1,17,0,0
23,22,0,20,0,0
24,22,2,10,0,0
25,22,7,22,0,0
26,22,1,16,0,0
27,22,2,19,0,0
28,22,1,22,0,0
29,22,3,16,0,0
30,22,2,24,0,0
31,22,4,16,0,0
32,22,1,18,0,0
33,22,1,15,0,0
34,22,3,17,0,0
35,22,5,18,0,0
36,22,1,19,0,0
37,22,5,17,0,0
38,22,2,19,0,0
39,22,2,17,0,0
40,22,1,21,0,0
41,22,3,12,0,0
42,22,3,17,0,0
43,22,2,19,0,0
44,22,4,22,0,0
45,22,3,13,0,0
46,22,3,24,0,0
47,22,6,7,0,0
48,22,9,14,0,0
49,22,1,19,0,0
50,22,4,26,0,0
51,22,3,18,0,0
52,22,1,23,0,0
53,22,1,23,0,0
54,22,2,18,0,0
55,22,2,18,0,0
56,22,0,16,0,0
57,22,1,19,0,0
58,22,3,12,0,0
1,23,0,17,0,0
2,23,1,12,0,0
3,23,1,18,0,0
4,23,2,12,0,0
5,23,2,12,0,0
6,23,8,11,0,0
7,23,90,5,0,0
8,23,14,7,0,0
9,23,1,10,0,0
10,23,1,15,0,0
11,23,2,16,0,0
12,23,1,13,0,0
13,23,1,18,0,0
14,23,5,25,0,0
15,23,4,19,0,0
16,23,2,11,0,0
17,23,1,20,0,0
18,23,2,16,0,0
19,23,2,15,0,0
20,23,2,24,0,0
21,23,2,15,0,0
22,23,3,15,0,0
23,23,1,10,0,0
24,23,5,22,0,0
25,23,2,15,0,0
26,23,1,20,0,0
27,23,5,16,0,0
28,23,2,22,0,0
29,23,1,19,0,0
30,23,0,17,0,0
31,23,0,22,0,0
32,23,4,20,0,0
33,23,4,27,0,0
34,23,3,13,0,0
35,23,1,18,0,0
36,23,1,11,0,0
37,23,3,23,0,0
38,23,3,18,0,0
39,23,7,19,0,0
40,23,3,19,0,0
41,23,1,13,0,0
42,23,1,12,0,0
43,23,2,13,0,0
44,23,3,17,0,0
45,23,0,18,0,0
46,23,0,23,0,0
47,23,2,23,0,0
48,23,5,20,0,0
49,23,2,19,0,0
50,23,8,25,0,0
51,23,3,15,0,0
52,23,1,16,0,0
53,23,2,18,0,0
54,23,3,27,0,0
55,23,2,33,0,0
56,23,1,20,0,0
57,23,1,23,0,0
58,23,0,9,0,0
1,24,1,11,0,0
2,24,3,14,0,0
3,24,3,14,0,0
4,24,3,9,0,0
5,24,7,9,0,0
6,24,80,4,0,0
7,24,386,0,0,0
8,24,45,7,0,0
9,24,3,14,0,0
10,24,2,17,0,0
11,24,0,18,0,0
12,24,3,17,0,0
13,24,2,25,0,0
14,24,2,11,0,0
15,24,1,27,0,0
16,24,2,19,0,0
17,24,4,15,0,0
18,24,2,20,0,0
19,24,0,13,0,0
20,24,0,17,0,0
21,24,0,21,0,0
22,24,2,17,0,0
23,24,4,13,0,0
24,24,7,10,0,0
25,24,2,17,0,0
26,24,1,16,0,0
27,24,1,17,0,0
28,24,0,24,0,0
29,24,1,19,0,0
30,24,2,17,0,0
31,24,5,18,0,0
32,24,1,15,0,0
33,24,3,19,0,0
34,24,1,14,0,0
35,24,6,10,0,0
36,24,3,14,0,0
37,24,18,22,0,0
38,24,11,11,0,0
39,24,11,17,0,0
40,24,3,27,0,0
41,24,3,13,0,0
42,24,2,21,0,0
43,24,0,19,0,0
44,24,5,10,0,0
45,24,2,13,0,0
46,24,0,14,0,0
47,24,0,23,0,0
48,24,1,22,0,0
49,24,0,22,0,0
50,24,2,26,0,0
51,24,3,18,0,0
52,24,1,19,0,0
53,24,2,21,0,0
54,24,1,10,0,0
55,24,2,16,0,0
56,24,1,19,0,0
57,24,2,15,0,0
58,24,2,18,0,0
0,25,0,9,0,0
1,25,1,17,0,0
2,25,3,8,0,0
3,25,2,18,0,0
4,25,1,11,0,0
5,25,3,16,0,0
6,25,7,13,0,0
7,25,34,6,0,0
8,25,11,8,0,0
9,25,3,15,0,0
10,25,0,13,0,0
11,25,2,19,0,0
12,25,9,8,0,0
13,25,11,10,0,0
14,25,6,10,0,0
15,25,1,17,0,0
16,25,2,20,0,0
17,25,1,21,0,0
18,25,0,21,0,0
19,25,2,18,0,0
20,25,1,16,0,0
21,25,2,14,0,0
22,25,1,15,0,0
23,25,5,13,0,0
24,25,2,13,0,0
25,25,5,18,0,0
26,25,1,11,0,0
27,25,0,16,0,0
28,25,1,23,0,0
29,25,1,18,0,0
30,25,5,19,0,0
31,25,0,18,0,0
32,25,0,13,0,0
33,25,2,20,0,0
34,25,4,22,0,0
35,25,1,17,0,0
36,25,3,18,0,0
37,25,1,13,0,0
38,25,1,18,0,0
39,25,3,15,0,0
40,25,1,27,0,0
41,25,0,26,0,0
42,25,2,21,0,0
43,25,1,16,0,0
44,25,1,17,0,0
45,25,2,21,0,0
46,25,1,22,0,0
47,25,1,16,0,0
48,25,0,18,0,0
49,25,3,23,0,0
50,25,2,15,0,0
51,25,1,18,0,0
52,25,0,28,0,0
53,25,1,19,0,0
54,25,0,20,0,0
55,25,0,16,0,0
56,25,1,21,0,0
57,25,2,13,0,0
58,25,4,26,0,0
59,25,1,13,0,0
0,26,0,20,0,0
1,26,4,18,0,0
2,26,4,12,0,0
3,26,0,12,0,0
4,26,1,19,0,0
5,26,1,10,0,0
6,26,1,18,0,0
7,26,3,2,0,0
8,26,1,16,0,0
9,26,0,12,0,0
10,26,2,15,0,0
11,26,4,18,0,0
12,26,11,16,0,0
13,26,27,27,0,0
14,26,3,17,0,0
15,26,1,14,0,0
16,26,1,19,0,0
17,26,3,14,0,0
18,26,3,18,0,0
19,26,1,18,0,0
20,26,3,16,0,0
21,26,1,16,0,0
22,26,7,14,0,0
23,26,64,10,0,0
24,26,8,26,0,0
25,26,4,12,0,0
26,26,1,11,0,0
27,26,0,26,0,0
28,26,1,14,0,0
29,26,0,9,0,0
30,26,3,14,0,0
31,26,0,22,0,0
32,26,2,14,0,0
33,26,3,16,0,0
34,26,0,18,0,0
35,26,1,11,0,0
36,26,0,22,0,0
37,26,1,15,0,0
38,26,1,23,0,0
39,26,3,29,0,0
40,26,6,17,0,0
41,26,2,20,0,0
42,26,0,12,0,0
43,26,2,16,0,0
44,26,1,22,0,0
45,26,2,23,0,0
46,26,0,19,0,0
47,26,2,22,0,0
48,26,1,17,0,0
49,26,3,12,0,0
50,26,1,16,0,0
51,26,1,14,0,0
52,26,1,15,0,0
53,26,3,16,0,0
54,26,2,17,0,0
55,26,1,17,0,0
56,26,2,10,0,0
57,26,2,13,0,0
58,26,4,16,0,0
59,26,1,18,0,0
0,27,4,9,0,0
1,27,5,19,0,0
2,27,1,16,0,0
3,27,3,11,0,0
4,27,3,18,0,0
5,27,2,14,0,0
6,27,2,11,0,0
7,27,4,11,0,0
8,27,2,15,0,0
9,27,2,14,0,0
10,27,3,14,0,0
11,27,2,18,0,0
12,27,6,8,0,0
13,27,8,17,0,0
14,27,3,12,0,0
15,27,2,14,0,0
16,27,5,20,0,0
17,27,4,23,0,0
18,27,0,14,0,0
19,27,1,14,0,0
20,27,3,19,0,0
21,27,7,19,0,0
22,27,16,17,0,0
23,27,11,10,0,0
24,27,3,19,0,0
25,27,4,18,0,0
26,27,5,21,0,0
27,27,0,16,0,0
28,27,2,18,0,0
29,27,0,13,0,0
30,27,2,19,0,0
31,27,2,20,0,0
32,27,8,18,0,0
33,27,2,17,0,0
34,27,2,15,0,0
35,27,1,8,0,0
36,27,1,15,0,0
37,27,1,25,0,0
38,27,1,25,0,0
39,27,1,23,0,0
40,27,0,20,0,0
41,27,0,20,0,0
42,27,1,21,0,0
43,27,1,14,0,0
44,27,0,16,0,0
45,27,0,19,0,0
46,27,0,27,0,0
47,27,3,18,0,0
48,27,0,17,0,0
49,27,2,21,0,0
50,27,4,17,0,0
51,27,1,36,0,0
52,27,1,26,0,0
53,27,1,15,0,0
54,27,3,23,0,0
55,27,9,20,0,0
56,27,5,14,0,0
57,27,4,12,0,0
58,27,1,24,0,0
59,27,1,14,0,0
0,28,2,13,0,0
1,28,5,12,0,0
2,28,0,16,0,0
3,28,1,16,0,0
4,28,1,14,0,0
5,28,0,19,0,0
6,28,2,22,0,0
7,28,3,12,0,0
8,28,2,19,0,0
9,28,3,20,0,0
10,28,2,17,0,0
11,28,6,12,0,0
12,28,2,13,0,0
13,28,2,12,0,0
14,28,2,20,0,0
15,28,3,19,0,0
16,28,21,19,0,0
17,28,7,22,0,0
18,28,5,21,0,0
19,28,1,20,0,0
20,28,3,15,0,0
21,28,7,20,0,0
22,28,16,10,0,0
23,28,9,12,0,0
24,28,5,17,0,0
25,28,0,15,0,0
26,28,0,23,0,0
27,28,2,11,0,0
28,28,2,19,0,0
29,28,2,19,0,0
30,28,0,22,0,0
31,28,6,21,0,0
32,28,3,25,0,0
33,28,0,20,0,0
34,28,3,17,0,0
35,28,2,10,0,0
36,28,3,13,0,0
37,28,1,16,0,0
38,28,2,19,0,0
39,28,0,23,0,0
40,28,1,24,0,0
41,28,0,27,0,0
42,28,0,19,0,0
43,28,2,23,0,0
44,28,0,16,0,0
45,28,1,21,0,0
46,28,1,17,0,0
47,28,3,15,0,0
48,28,2,18,0,0
49,28,1,22,0,0
50,28,3,16,0,0
51,28,4,18,0,0
52,28,2,20,0,0
53,28,8,15,0,0
54,28,17,16,0,0
55,28,4,18,0,0
56,28,1,16,0,0
57,28,2,24,0,0
58,28,1,12,0,0
59,28,0,22,0,0
0,29,4,9,0,0
1,29,10,20,0,0
2,29,0,20,0,0
3,29,3,10,0,0
4,29,1,27,0,0
5,29,1,22,0,0
6,29,1,13,0,0
7,29,2,27,0,0
8,29,2,13,0,0
9,29,2,20,0,0
10,29,1,22,0,0
11,29,1,12,0,0
12,29,2,11,0,0
13,29,1,16,0,0
14,29,1,12,0,0
15,29,0,21,0,0
16,29,6,14,0,0
17,29,4,13,0,0
18,29,3,20,0,0
19,29,2,18,0,0
20,29,2,5,0,0
21,29,3,14,0,0
22,29,5,16,0,0
23,29,3,13,0,0
24,29,4,19,0,0
25,29,0,12,0,0
26,29,1,21,0,0
27,29,2,12,0,0
28,29,1,8,0,0
29,29,3,21,0,0
30,29,3,11,0,0
31,29,1,26,0,0
32,29,1,17,0,0
33,29,4,21,0,0
34,29,0,19,0,0
35,29,0,12,0,0
36,29,0,20,0,0
37,29,2,16,0,0
38,29,4,20,0,0
39,29,3,18,0,0
40,29,1,19,0,0
41,29,0,18,0,0
42,29,1,17,0,0
43,29,1,17,0,0
44,29,1,21,0,0
45,29,4,20,0,0
46,29,1,16,0,0
47,29,1,21,0,0
48,29,6,22,0,0
49,29,3,15,0,0
50,29,7,14,0,0
51,29,3,22,0,0
52,29,2,22,0,0
53,29,6,21,0,0
54,29,6,17,0,0
55,29,3,11,0,0
56,29,0,24,0,0
57,29,3,18,0,0
58,29,3,19,0,0
59,29,2,11,0,0
0,30,2,18,0,0
1,30,6,15,0,0
2,30,5,15,0,0
3,30,1,15,0,0
4,30,2,18,0,0
5,30,1,25,0,0
6,30,0,10,0,0
7,30,2,12,0,0
8,30,1,12,0,0
9,30,1,9,0,0
10,30,4,16,0,0
11,30,3,23,0,0
12,30,1,16,0,0
13,30,1,11,0,0
14,30,0,18,0,0
15,30,2,17,0,0
16,30,0,15,0,0
17,30,3,13,0,0
18,30,4,16,0,0
19,30,2,23,0,0
20,30,6,21,0,0
21,30,3,7,0,0
22,30,8,9,0,0
23,30,34,13,0,0
24,30,4,9,0,0
25,30,2,13,0,0
26,30,2,14,0,0
27,30,2,16,0,0
28,30,3,17,0,0
29,30,4,20,0,0
30,30,1,12,0,0
31,30,2,18,0,0
32,30,3,19,0,0
33,30,3,23,0,0
34,30,3,20,0,0
35,30,1,16,0,0
36,30,1,18,0,0
37,30,3,22,0,0
38,30,2,21,0,0
39,30,1,19,0,0
40,30,1,21,0,0
41,30,1,18,0,0
42,30,5,23,0,0
43,30,2,25,0,0
44,30,13,20,0,0
45,30,6,16,0,0
46,30,0,15,0,0
47,30,1,16,0,0
48,30,2,11,0,0
49,30,2,17,0,0
50,30,3,24,0,0
51,30,3,19,0,0
52,30,3,17,0,0
53,30,1,22,0,0
54,30,4,16,0,0
55,30,2,19,0,0
56,30,3,26,0,0
57,30,1,12,0,0
58,30,3,22,0,0
59,30,2,14,0,0
0,31,0,13,0,0
1,31,3,25,0,0
2,31,1,14,0,0
3,31,0,13,0,0
4,31,2,16,0,0
5,31,1,24,0,0
6,31,0,17,0,0
7,31,0,15,0,0
8,31,1,19,0,0
9,31,0,14,0,0
10,31,4,15,0,0
11,31,11,14,0,0
12,31,6,14,0,0
13,31,1,15,0,0
14,31,0,12,0,0
15,31,2,22,0,0
16,31,1,11,0,0
17,31,11,13,0,0
18,31,1,19,0,0
19,31,3,17,0,0
20,31,4,13,0,0
21,31,13,12,0,0
22,31,45,12,0,0
23,31,373,2,0,0
24,31,30,11,0,0
25,31,4,12,0,0
26,31,6,15,0,0
27,31,0,24,0,0
28,31,4,16,0,0
29,31,1,20,0,0
30,31,2,14,0,0
31,31,0,12,0,0
32,31,9,20,0,0
33,31,0,19,0,0
34,31,6,16,0,0
35,31,2,21,0,0
36,31,2,19,0,0
37,31,2,20,0,0
38,31,2,24,0,0
39,31,1,20,0,0
40,31,1,22,0,0
41,31,0,16,0,0
42,31,1,21,0,0
43,31,1,22,0,0
44,31,0,22,0,0
45,31,2,25,0,0
46,31,3,18,0,0
47,31,2,19,0,0
48,31,4,18,0,0
49,31,2,11,0,0
50,31,3,16,0,0
51,31,1,30,0,0
52,31,3,12,0,0
53,31,0,25,0,0
54,31,2,17,0,0
55,31,6,14,0,0
56,31,2,13,0,0
57,31,1,12,0,0
58,31,0,12,0,0
59,31,1,11,0,0
0,32,1,10,0,0
1,32,2,10,0,0
2,32,2,18,0,0
3,32,1,16,0,0
4,32,2,25,0,0
5,32,1,22,0,0
6,32,3,20,0,0
7,32,1,14,0,0
8,32,0,19,0,0
9,32,0,24,0,0
10,32,1,11,0,0
11,32,1,12,0,0
12,32,5,20,0,0
13,32,1,24,0,0
14,32,0,22,0,0
15,32,0,11,0,0
16,32,0,12,0,0
17,32,0,24,0,0
18,32,1,18,0,0
19,32,2,28,0,0
20,32,2,14,0,0
21,32,2,9,0,0
22,32,8,11,0,0
23,32,58,4,0,0
24,32,13,5,0,0
25,32,6,12,0,0
26,32,3,9,0,0
27,32,3,15,0,0
28,32,0,21,0,0
29,32,1,14,0,0
30,32,1,12,0,0
31,32,0,26,0,0
32,32,1,23,0,0
33,32,2,14,0,0
34,32,1,24,0,0
35,32,0,14,0,0
36,32,1,17,0,0
37,32,0,21,0,0
38,32,0,23,0,0
39,32,1,9,0,0
40,32,6,24,0,0
41,32,3,10,0,0
42,32,3,20,0,0
43,32,1,19,0,0
44,32,1,19,0,0
45,32,1,18,0,0
46,32,2,22,0,0
47,32,2,19,0,0
48,32,1,19,0,0
49,32,1,23,0,0
50,32,1,21,0,0
51,32,2,22,0,0
52,32,3,18,0,0
53,32,4,23,0,0
54,32,2,11,0,0
55,32,3,20,0,0
56,32,7,24,0,0
57,32,3,21,0,0
58,32,1,16,0,0
59,32,2,8,0,0
0,33,2,15,0,0
1,33,3,26,0,0
2,33,3,29,0,0
3,33,1,21,0,0
4,33,4,14,0,0
5,33,2,15,0,0
6,33,2,18,0,0
7,33,3,25,0,0
8,33,2,17,0,0
9,33,1,19,0,0
10,33,3,17,0,0
11,33,4,25,0,0
12,33,2,15,0,0
13,33,2,17,0,0
14,33,2,26,0,0
15,33,4,30,0,0
16,33,3,15,0,0
17,33,2,14,0,0
18,33,2,23,0,0
19,33,2,20,0,0
20,33,1,15,0,0
21,33,0,18,0,0
22,33,3,13,0,0
23,33,2,9,0,0
24,33,3,20,0,0
25,33,2,12,0,0
26,33,1,9,0,0
27,33,2,15,0,0
28,33,4,21,0,0
29,33,2,26,0,0
30,33,2,22,0,0
31,33,2,19,0,0
32,33,3,22,0,0
33,33,3,28,0,0
34,33,2,21,0,0
35,33,2,21,0,0
36,33,2,25,0,0
37,33,2,19,0,0
38,33,1,20,0,0
39,33,2,18,0,0
40,33,3,20,0,0
41,33,16,17,0,0
42,33,9,22,0,0
43,33,2,21,0,0
44,33,2,24,0,0
45,33,4,24,0,0
46,33,4,23,0,0
47,33,2,21,0,0
48,33,6,19,0,0
49,33,2,21,0,0
50,33,0,11,0,0
51,33,1,17,0,0
52,33,0,18,0,0
53,33,4,29,0,0
54,33,6,20,0,0
55,33,5,17,0,0
56,33,7,16,0,0
57,33,7,17,0,0
58,33,0,11,0,0
59,33,3,16,0,0
0,34,1,13,0,0
1,34,2,14,0,0
2,34,0,15,0,0
3,34,4,19,0,0
4,34,1,26,0,0
5,34,1,17,0,0
6,34,1,17,0,0
7,34,1,18,0,0
8,34,1,21,0,0
9,34,1,16,0,0
10,34,1,20,0,0
11,34,0,23,0,0
12,34,1,19,0,0
13,34,0,19,0,0
14,34,1,20,0,0
15,34,1,18,0,0
16,34,0,26,0,0
17,34,4,24,0,0
18,34,3,15,0,0
19,34,5,19,0,0
20,34,2,20,0,0
21,34,3,21,0,0
22,34,4,16,0,0
23,34,2,12,0,0
24,34,0,9,0,0
25,34,1,14,0,0
26,34,1,8,0,0
27,34,0,16,0,0
28,34,1,25,0,0
29,34,0,20,0,0
30,34,3,15,0,0
31,34,3,21,0,0
32,34,1,19,0,0
33,34,4,17,0,0
34,34,1,21,0,0
35,34,2,27,0,0
36,34,4,18,0,0
37,34,0,16,0,0
38,34,3,20,0,0
39,34,3,15,0,0
40,34,2,17,0,0
41,34,13,31,0,0
42,34,1,19,0,0
43,34,2,19,0,0
44,34,1,19,0,0
45,34,6,15,0,0
46,34,6,19,0,0
47,34,3,20,0,0
48,34,3,13,0,0
49,34,1,20,0,0
50,34,1,24,0,0
51,34,3,15,0,0
52,34,1,18,0,0
53,34,3,15,0,0
54,34,3,8,0,0
55,34,4,15,0,0
56,34,0,14,0,0
57,34,1,13,0,0
58,34,0,17,0,0
59,34,1,6,0,0
1,35,1,18,0,0
2,35,2,20,0,0
3,35,2,22,0,0
4,35,1,16,0,0
5,35,0,14,0,0
6,35,1,17,0,0
7,35,1,23,0,0
8,35,0,12,0,0
9,35,1,19,0,0
10,35,2,22,0,0
11,35,0,19,0,0
12,35,1,25,0,0
13,35,4,16,0,0
14,35,5,18,0,0
15,35,2,12,0,0
16,35,3,20,0,0
17,35,3,23,0,0
18,35,4,25,0,0
19,35,5,20,0,0
20,35,1,17,0,0
21,35,0,21,0,0
22,35,1,17,0,0
23,35,1,19,0,0
24,35,0,9,0,0
25,35,2,21,0,0
26,35,2,14,0,0
27,35,2,17,0,0
28,35,1,16,0,0
29,35,2,19,0,0
30,35,1,19,0,0
31,35,0,21,0,0
32,35,1,26,0,0
33,35,2,14,0,0
34,35,3,17,0,0
35,35,3,29,0,0
36,35,0,17,0,0
37,35,3,12,0,0
38,35,4,16,0,0
39,35,6,23,0,0
40,35,6,19,0,0
41,35,1,18,0,0
42,35,1,21,0,0
43,35,1,12,0,0
44,35,3,9,0,0
45,35,16,23,0,0
46,35,8,24,0,0
47,35,3,19,0,0
48,35,0,16,0,0
49,35,2,14,0,0
50,35,2,17,0,0
51,35,0,14,0,0
52,35,4,18,0,0
53,35,2,20,0,0
54,35,2,19,0,0
55,35,3,15,0,0
56,35,2,9,0,0
57,35,4,11,0,0
58,35,3,16,0,0
1,36,0,15,0,0
2,36,1,15,0,0
3,36,2,20,0,0
4,36,1,17,0,0
5,36,4,28,0,0
6,36,2,20,0,0
7,36,1,15,0,0
8,36,1,13,0,0
9,36,1,21,0,0
10,36,0,23,0,0
11,36,1,17,0,0
12,36,2,18,0,0
13,36,0,21,0,0
14,36,2,14,0,0
15,36,3,18,0,0
16,36,0,21,0,0
17,36,1,16,0,0
18,36,4,16,0,0
19,36,7,17,0,0
20,36,5,21,0,0
21,36,5,21,0,0
22,36,3,12,0,0
23,36,1,12,0,0
24,36,2,22,0,0
25,36,3,16,0,0
26,36,1,19,0,0
27,36,1,18,0,0
28,36,1,19,0,0
29,36,3,15,0,0
30,36,2,20,0,0
31,36,4,18,0,0
32,36,1,16,0,0
33,36,2,23,0,0
34,36,5,29,0,0
35,36,5,12,0,0
36,36,0,13,0,0
37,36,4,17,0,0
38,36,5,12,0,0
39,36,2,19,0,0
40,36,0,21,0,0
41,36,2,15,0,0
42,36,3,16,0,0
43,36,0,17,0,0
44,36,3,16,0,0
45,36,4,24,0,0
46,36,16,26,0,0
47,36,5,13,0,0
48,36,3,15,0,0
49,36,3,15,0,0
50,36,3,19,0,0
51,36,4,19,0,0
52,36,2,18,0,0
53,36,2,20,0,0
54,36,5,18,0,0
55,36,3,18,0,0
56,36,6,14,0,0
57,36,2,22,0,0
58,36,5,12,0,0
1,37,0,13,0,0
2,37,1,19,0,0
3,37,0,19,0,0
4,37,0,14,0,0
5,37,3,23,0,0
6,37,2,18,0,0
7,37,3,19,0,0
8,37,1,14,0,0
9,37,2,20,0,0
10,37,1,18,0,0
11,37,0,23,0,0
12,37,2,24,0,0
13,37,4,18,0,0
14,37,2,22,0,0
15,37,4,21,0,0
16,37,1,19,0,0
17,37,2,17,0,0
18,37,0,15,0,0
19,37,1,17,0,0
20,37,8,11,0,0
21,37,3,11,0,0
22,37,3,13,0,0
23,37,3,19,0,0
24,37,3,23,0,0
25,37,5,18,0,0
26,37,1,27,0,0
27,37,1,15,0,0
28,37,3,24,0,0
29,37,7,15,0,0
30,37,2,14,0,0
31,37,4,13,0,0
32,37,0,16,0,0
33,37,4,11,0,0
34,37,2,24,0,0
35,37,1,15,0,0
36,37,1,19,0,0
37,37,0,21,0,0
38,37,3,24,0,0
39,37,2,10,0,0
40,37,4,24,0,0
41,37,6,17,0,0
42,37,3,19,0,0
43,37,2,26,0,0
44,37,1,20,0,0
45,37,5,19,0,0
46,37,1,17,0,0
47,37,1,19,0,0
48,37,0,19,0,0
49,37,1,13,0,0
50,37,1,21,0,0
51,37,4,14,0,0
52,37,3,22,0,0
53,37,8,19,0,0
54,37,2,14,0,0
55,37,4,26,0,0
56,37,3,16,0,0
57,37,8,17,0,0
58,37,9,22,0,0
1,38,1,8,0,0
2,38,2,20,0,0
3,38,0,15,0,0
4,38,1,23,0,0
5,38,2,16,0,0
6,38,1,24,0,0
7,38,3,13,0,0
8,38,3,20,0,0
9,38,1,14,0,0
10,38,0,18,0,0
11,38,1,19,0,0
12,38,1,18,0,0
13,38,0,17,0,0
14,38,2,18,0,0
15,38,2,10,0,0
16,38,4,20,0,0
17,38,1,16,0,0
18,38,1,17,0,0
19,38,10,19,0,0
20,38,18,13,0,0
21,38,18,11,0,0
22,38,5,16,0,0
23,38,1,20,0,0
24,38,9,21,0,0
25,38,2,15,0,0
26,38,3,15,0,0
27,38,3,20,0,0
28,38,2,16,0,0
29,38,3,21,0,0
30,38,4,20,0,0
31,38,1,17,0,0
32,38,4,19,0,0
33,38,7,19,0,0
34,38,3,20,0,0
35,38,0,16,0,0
36,38,4,27,0,0
37,38,1,12,0,0
38,38,0,13,0,0
39,38,1,13,0,0
40,38,3,24,0,0
41,38,1,17,0,0
42,38,0,21,0,0
43,38,3,21,0,0
44,38,3,24,0,0
45,38,1,18,0,0
46,38,1,20,0,0
47,38,2,19,0,0
48,38,3,19,0,0
49,38,2,19,0,0
50,38,2,12,0,0
51,38,3,22,0,0
52,38,3,25,0,0
53,38,6,14,0,0
54,38,7,18,0,0
55,38,5,29,0,0
56,38,2,17,0,0
57,38,6,21,0,0
58,38,1,10,0,0
2,39,0,18,0,0
3,39,1,15,0,0
4,39,4,24,0,0
5,39,4,18,0,0
6,39,1,23,0,0
7,39,2,16,0,0
8,39,1,19,0,0
9,39,3,25,0,0
10,39,0,22,0,0
11,39,2,26,0,0
12,39,3,18,0,0
13,39,2,19,0,0
14,39,5,23,0,0
15,39,2,20,0,0
16,39,2,20,0,0
17,39,2,16,0,0
18,39,0,20,0,0
19,39,10,10,0,0
20,39,12,22,0,0
21,39,45,17,0,0
22,39,6,16,0,0
23,39,10,14,0,0
24,39,10,23,0,0
25,39,6,18,0,0
26,39,1,21,0,0
27,39,5,17,0,0
28,39,5,18,0,0
29,39,3,17,0,0
30,39,2,27,0,0
31,39,3,29,0,0
32,39,1,18,0,0
33,39,1,21,0,0
34,39,1,24,0,0
35,39,3,17,0,0
36,39,1,18,0,0
37,39,1,24,0,0
38,39,0,15,0,0
39,39,3,20,0,0
40,39,2,19,0,0
41,39,2,20,0,0
42,39,4,20,0,0
43,39,2,21,0,0
44,39,3,29,0,0
45,39,0,24,0,0
46,39,1,23,0,0
47,39,3,14,0,0
48,39,1,18,0,0
49,39,2,19,0,0
50,39,2,14,0,0
51,39,1,27,0,0
52,39,3,19,0,0
53,39,1,23,0,0
54,39,1,20,0,0
55,39,3,26,0,0
56,39,20,20,0,0
57,39,3,14,0,0
2,40,2,8,0,0
3,40,1,17,0,0
4,40,4,16,0,0
5,40,0,18,0,0
6,40,0,16,0,0
7,40,3,19,0,0
8,40,1,16,0,0
9,40,2,17,0,0
10,40,3,18,0,0
11,40,3,13,0,0
12,40,2,15,0,0
13,40,2,21,0,0
14,40,1,15,0,0
15,40,1,16,0,0
16,40,2,14,0,0
17,40,1,15,0,0
18,40,1,18,0,0
19,40,8,19,0,0
20,40,2,19,0,0
21,40,4,21,0,0
22,40,2,22,0,0
23,40,1,18,0,0
24,40,2,17,0,0
25,40,7,23,0,0
26,40,1,18,0,0
27,40,1,21,0,0
28,40,1,12,0,0
29,40,5,13,0,0
30,40,0,21,0,0
31,40,2,18,0,0
32,40,1,19,0,0
33,40,1,19,0,0
34,40,1,18,0,0
35,40,1,20,0,0
36,40,1,23,0,0
37,40,2,12,0,0
38,40,3,20,0,0
39,40,4,17,0,0
40,40,1,24,0,0
41,40,0,13,0,0
42,40,2,18,0,0
43,40,3,21,0,0
44,40,6,24,0,0
45,40,4,21,0,0
46,40,1,25,0,0
47,40,2,16,0,0
48,40,4,14,0,0
49,40,4,20,0,0
50,40,3,22,0,0
51,40,5,21,0,0
52,40,2,29,0,0
53,40,2,20,0,0
54,40,3,22,0,0
55,40,7,21,0,0
56,40,8,23,0,0
57,40,3,11,0,0
2,41,1,14,0,0
3,41,2,23,0,0
4,41,3,16,0,0
5,41,9,16,0,0
6,41,3,11,0,0
7,41,2,21,0,0
8,41,1,14,0,0
9,41,2,21,0,0
10,41,7,25,0,0
11,41,3,15,0,0
12,41,2,23,0,0
13,41,5,22,0,0
14,41,0,16,0,0
15,41,3,25,0,0
16,41,0,20,0,0
17,41,1,23,0,0
18,41,0,13,0,0
19,41,3,21,0,0
20,41,1,11,0,0
21,41,4,18,0,0
22,41,2,16,0,0
23,41,3,18,0,0
24,41,1,17,0,0
25,41,2,17,0,0
26,41,0,20,0,0
27,41,2,15,0,0
28,41,2,12,0,0
29,41,1,22,0,0
30,41,4,22,0,0
31,41,3,16,0,0
32,41,3,21,0,0
33,41,4,13,0,0
34,41,2,24,0,0
35,41,2,21,0,0
36,41,0,21,0,0
37,41,1,24,0,0
38,41,0,19,0,0
39,41,2,18,0,0
40,41,5,24,0,0
41,41,1,13,0,0
42,41,1,16,0,0
43,41,3,15,0,0
44,41,4,21,0,0
45,41,1,17,0,0
46,41,0,19,0,0
47,41,3,8,0,0
48,41,1,25,0,0
49,41,0,14,0,0
50,41,2,16,0,0
51,41,0,13,0,0
52,41,2,29,0,0
53,41,0,8,0,0
54,41,2,19,0,0
55,41,11,11,0,0
56,41,4,18,0,0
57,41,1,5,0,0
3,42,1,8,0,0
4,42,0,26,0,0
5,42,2,20,0,0
6,42,2,22,0,0
7,42,1,17,0,0
8,42,1,20,0,0
9,42,3,27,0,0
10,42,2,22,0,0
11,42,5,15,0,0
12,42,5,23,0,0
13,42,2,22,0,0
14,42,0,14,0,0
15,42,2,20,0,0
16,42,2,26,0,0
17,42,0,13,0,0
18,42,1,14,0,0
19,42,1,22,0,0
20,42,3,19,0,0
21,42,0,18,0,0
22,42,2,12,0,0
23,42,1,14,0,0
24,42,4,18,0,0
25,42,4,15,0,0
26,42,2,22,0,0
27,42,4,21,0,0
28,42,2,22,0,0
29,42,2,21,0,0
30,42,4,19,0,0
31,42,4,16,0,0
32,42,6,22,0,0
33,42,0,22,0,0
34,42,3,23,0,0
35,42,0,7,0,0
36,42,0,22,0,0
37,42,1,21,0,0
38,42,0,15,0,0
39,42,1,21,0,0
40,42,2,18,0,0
41,42,0,16,0,0
42,42,1,15,0,0
43,42,0,26,0,0
44,42,7,21,0,0
45,42,2,11,0,0
46,42,1,20,0,0
47,42,0,24,0,0
48,42,2,14,0,0
49,42,3,23,0,0
50,42,2,23,0,0
51,42,2,28,0,0
52,42,1,14,0,0
53,42,3,21,0,0
54,42,2,16,0,0
55,42,3,22,0,0
56,42,1,12,0,0
3,43,0,13,0,0
4,43,3,14,0,0
5,43,1,16,0,0
6,43,2,16,0,0
7,43,4,13,0,0
8,43,3,19,0,0
9,43,2,21,0,0
10,43,2,14,0,0
11,43,2,25,0,0
12,43,1,19,0,0
13,43,6,16,0,0
14,43,3,19,0,0
15,43,4,21,0,0
16,43,0,12,0,0
17,43,1,13,0,0
18,43,0,13,0,0
19,43,1,16,0,0
20,43,0,17,0,0
21,43,2,11,0,0
22,43,5,14,0,0
23,43,0,17,0,0
24,43,2,10,0,0
25,43,0,19,0,0
26,43,0,21,0,0
27,43,3,21,0,0
28,43,6,21,0,0
29,43,2,20,0,0
30,43,2,11,0,0
31,43,1,25,0,0
32,43,0,19,0,0
33,43,0,16,0,0
34,43,2,20,0,0
35,43,1,17,0,0
36,43,1,17,0,0
37,43,1,17,0,0
38,43,1,23,0,0
39,43,4,21,0,0
40,43,3,13,0,0
41,43,1,15,0,0
42,43,3,21,0,0
43,43,4,30,0,0
44,43,0,18,0,0
45,43,0,16,0,0
46,43,3,21,0,0
47,43,2,13,0,0
48,43,1,18,0,0
49,43,3,20,0,0
50,43,4,14,0,0
51,43,1,20,0,0
52,43,1,11,0,0
53,43,1,24,0,0
54,43,5,22,0,0
55,43,2,16,0,0
56,43,1,9,0,0
4,44,0,17,0,0
5,44,3,22,0,0
6,44,0,23,0,0
7,44,6,14,0,0
8,44,0,26,0,0
9,44,1,19,0,0
10,44,0,21,0,0
11,44,0,12,0,0
12,44,4,24,0,0
13,44,0,17,0,0
14,44,1,22,0,0
15,44,2,19,0,0
16,44,3,16,0,0
17,44,0,19,0,0
18,44,1,17,0,0
19,44,1,17,0,0
20,44,0,27,0,0
21,44,3,22,0,0
22,44,3,16,0,0
23,44,1,13,0,0
24,44,0,21,0,0
25,44,4,20,0,0
26,44,0,15,0,0
27,44,2,18,0,0
28,44,2,18,0,0
29,44,4,17,0,0
30,44,1,27,0,0
31,44,4,17,0,0
32,44,1,18,0,0
33,44,1,17,0,0
34,44,4,13,0,0
35,44,1,22,0,0
36,44,2,17,0,0
37,44,0,18,0,0
38,44,2,16,0,0
39,44,2,18,0,0
40,44,2,20,0,0
41,44,3,15,0,0
42,44,3,11,0,0
43,44,0,12,0,0
44,44,4,13,0,0
45,44,3,25,0,0
46,44,3,15,0,0
47,44,2,26,0,0
48,44,1,23,0,0
49,44,10,14,0,0
50,44,2,19,0,0
51,44,1,24,0,0
52,44,0,23,0,0
53,44,0,18,0,0
54,44,2,21,0,0
55,44,2,15,0,0
4,45,0,13,0,0
5,45,1,17,0,0
6,45,2,18,0,0
7,45,2,16,0,0
8,45,10,16,0,0
9,45,2,22,0,0
10,45,3,13,0,0
11,45,4,17,0,0
12,45,2,18,0,0
13,45,1,16,0,0
14,45,1,21,0,0
15,45,6,11,0,0
16,45,1,26,0,0
17,45,7,16,0,0
18,45,3,14,0,0
19,45,3,12,0,0
20,45,1,18,0,0
21,45,0,24,0,0
22,45,1,12,0,0
23,45,1,25,0,0
24,45,3,23,0,0
25,45,0,14,0,0
26,45,1,19,0,0
27,45,3,19,0,0
28,45,2,21,0,0
29,45,3,12,0,0
30,45,0,26,0,0
31,45,4,20,0,0
32,45,3,20,0,0
33,45,5,25,0,0
34,45,1,17,0,0
35,45,1,25,0,0
36,45,2,16,0,0
37,45,3,17,0,0
38,45,0,25,0,0
39,45,2,20,0,0
40,45,4,23,0,0
41,45,3,20,0,0
42,45,1,17,0,0
43,45,0,20,0,0
44,45,3,19,0,0
45,45,0,12,0,0
46,45,1,10,0,0
47,45,0,13,0,0
48,45,0,20,0,0
49,45,1,22,0,0
50,45,1,15,0,0
51,45,9,21,0,0
52,45,3,15,0,0
53,45,3,19,0,0
54,45,1,20,0,0
55,45,0,11,0,0
5,46,2,11,0,0
6,46,1,19,0,0
7,46,5,19,0,0
8,46,6,15,0,0
9,46,3,22,0,0
10,46,3,17,0,0
11,46,0,17,0,0
12,46,2,13,0,0
13,46,3,11,0,0
14,46,0,24,0,0
15,46,4,19,0,0
16,46,2,16,0,0
17,46,1,19,0,0
18,46,5,18,0,0
19,46,1,21,0,0
20,46,2,21,0,0
21,46,0,25,0,0
22,46,1,17,0,0
23,46,2,16,0,0
24,46,5,16,0,0
25,46,2,22,0,0
26,46,6,21,0,0
27,46,5,19,0,0
28,46,1,20,0,0
29,46,0,19,0,0
30,46,2,23,0,0
31,46,2,28,0,0
32,46,1,17,0,0
33,46,4,18,0,0
34,46,3,18,0,0
35,46,1,10,0,0
36,46,3,17,0,0
37,46,2,22,0,0
38,46,1,27,0,0
39,46,1,21,0,0
40,46,3,18,0,0
41,46,1,20,0,0
42,46,1,21,0,0
43,46,0,23,0,0
44,46,3,17,0,0
45,46,2,28,0,0
46,46,2,18,0,0
47,46,3,13,0,0
48,46,2,15,0,0
49,46,4,18,0,0
50,46,1,21,0,0
51,46,2,20,0,0
52,46,5,19,0,0
53,46,2,19,0,0
54,46,1,9,0,0
6,47,2,16,0,0
7,47,11,17,0,0
8,47,9,18,0,0
9,47,4,22,0,0
10,47,4,25,0,0
11,47,2,19,0,0
12,47,1,16,0,0
13,47,1,18,0,0
14,47,2,16,0,0
15,47,0,19,0,0
16,47,2,17,0,0
17,47,3,15,0,0
18,47,0,20,0,0
19,47,2,18,0,0
20,47,2,18,0,0
21,47,1,19,0,0
22,47,1,21,0,0
23,47,0,18,0,0
24,47,0,13,0,0
25,47,1,27,0,0
26,47,1,30,0,0
27,47,3,19,0,0
28,47,3,14,0,0
29,47,3,17,0,0
30,47,3,16,0,0
31,47,3,13,0,0
32,47,1,19,0,0
33,47,1,13,0,0
34,47,2,24,0,0
35,47,0,24,0,0
36,47,2,17,0,0
37,47,2,25,0,0
38,47,1,13,0,0
39,47,3,20,0,0
40,47,2,15,0,0
41,47,1,22,0,0
42,47,0,20,0,0
43,47,4,21,0,0
44,47,2,19,0,0
45,47,1,17,0,0
46,47,2,16,0,0
47,47,1,17,0,0
48,47,0,20,0,0
49,47,0,23,0,0
50,47,0,14,0,0
51,47,1,15,0,0
52,47,6,16,0,0
53,47,2,19,0,0
6,48,1,9,0,0
7,48,6,19,0,0
8,48,5,16,0,0
9,48,6,23,0,0
10,48,6,18,0,0
11,48,1,19,0,0
12,48,4,19,0,0
13,48,2,9,0,0
14,48,5,15,0,0
15,48,3,25,0,0
16,48,2,20,0,0
17,48,2,17,0,0
18,48,2,17,0,0
19,48,3,22,0,0
20,48,0,26,0,0
21,48,0,23,0,0
22,48,2,27,0,0
23,48,2,21,0,0
24,48,2,23,0,0
25,48,1,15,0,0
26,48,2,25,0,0
27,48,4,25,0,0
28,48,1,22,0,0
29,48,6,12,0,0
30,48,1,25,0,0
31,48,0,19,0,0
32,48,1,15,0,0
33,48,0,25,0,0
34,48,2,20,0,0
35,48,0,16,0,0
36,48,2,21,0,0
37,48,0,22,0,0
38,48,2,27,0,0
39,48,1,16,0,0
40,48,1,19,0,0
41,48,1,21,0,0
42,48,3,18,0,0
43,48,2,16,0,0
44,48,1,17,0,0
45,48,7,24,0,0
46,48,1,11,0,0
47,48,0,13,0,0
48,48,1,24,0,0
49,48,1,20,0,0
50,48,3,16,0,0
51,48,2,26,0,0
52,48,1,24,0,0
53,48,0,8,0,0
7,49,2,15,0,0
8,49,1,18,0,0
9,49,3,14,0,0
10,49,1,16,0,0
11,49,2,22,0,0
12,49,2,25,0,0
13,49,7,16,0,0
14,49,2,14,0,0
15,49,3,25,0,0
16,49,4,24,0,0
17,49,4,19,0,0
18,49,4,17,0,0
19,49,2,27,0,0
20,49,0,15,0,0
21,49,2,17,0,0
22,49,2,17,0,0
23,49,4,9,0,0
24,49,5,16,0,0
25,49,2,21,0,0
26,49,0,28,0,0
27,49,1,13,0,0
28,49,1,26,0,0
29,49,2,20,0,0
30,49,2,17,0,0
31,49,4,18,0,0
32,49,4,15,0,0
33,49,0,17,0,0
34,49,2,16,0,0
35,49,1,17,0,0
36,49,1,19,0,0
37,49,1,14,0,0
38,49,0,16,0,0
39,49,1,16,0,0
40,49,0,18,0,0
41,49,1,23,0,0
42,49,2,17,0,0
43,49,2,24,0,0
44,49,2,17,0,0
45,49,2,19,0,0
46,49,0,18,0,0
47,49,0,23,0,0
48,49,1,20,0,0
49,49,2,23,0,0
50,49,1,21,0,0
51,49,1,18,0,0
52,49,2,11,0,0
8,50,3,8,0,0
9,50,2,18,0,0
10,50,2,21,0,0
11,50,6,24,0,0
12,50,10,11,0,0
13,50,6,16,0,0
14,50,0,18,0,0
15,50,3,26,0,0
16,50,3,25,0,0
17,50,5,13,0,0
18,50,5,20,0,0
19,50,4,18,0,0
20,50,4,19,0,0
21,50,3,24,0,0
22,50,4,18,0,0
23,50,3,28,0,0
24,50,2,15,0,0
25,50,3,11,0,0
26,50,0,19,0,0
27,50,1,24,0,0
28,50,1,13,0,0
29,50,2,19,0,0
30,50,2,28,0,0
31,50,1,15,0,0
32,50,0,17,0,0
33,50,1,17,0,0
34,50,1,17,0,0
35,50,1,17,0,0
36,50,0,17,0,0
37,50,2,23,0,0
38,50,5,21,0,0
39,50,5,21,0,0
40,50,0,27,0,0
41,50,1,12,0,0
42,50,1,19,0,0
43,50,0,23,0,0
44,50,2,24,0,0
45,50,1,17,0,0
46,50,1,15,0,0
47,50,1,20,0,0
48,50,2,14,0,0
49,50,2,25,0,0
50,50,3,18,0,0
51,50,1,7,0,0
9,51,0,14,0,0
10,51,5,11,0,0
11,51,3,16,0,0
12,51,4,20,0,0
13,51,2,18,0,0
14,51,1,18,0,0
15,51,2,17,0,0
16,51,3,23,0,0
17,51,3,13,0,0
18,51,1,22,0,0
19,51,2,15,0,0
20,51,2,23,0,0
21,51,2,21,0,0
22,51,3,22,0,0
23,51,5,17,0,0
24,51,4,20,0,0
25,51,1,17,0,0
26,51,2,15,0,0
27,51,0,11,0,0
28,51,0,20,0,0
29,51,1,15,0,0
30,51,2,26,0,0
31,51,7,18,0,0
32,51,2,27,0,0
33,51,1,21,0,0
34,51,2,17,0,0
35,51,7,15,0,0
36,51,0,28,0,0
37,51,0,15,0,0
38,51,0,19,0,0
39,51,3,8,0,0
40,51,0,19,0,0
41,51,5,21,0,0
42,51,2,15,0,0
43,51,1,27,0,0
44,51,0,26,0,0
45,51,0,32,0,0
46,51,2,14,0,0
47,51,3,13,0,0
48,51,3,32,0,0
49,51,0,10,0,0
50,51,1,7,0,0
10,52,1,9,0,0
11,52,5,13,0,0
12,52,2,17,0,0
13,52,2,31,0,0
14,52,4,14,0,0
15,52,10,16,0,0
16,52,2,17,0,0
17,52,1,14,0,0
18,52,0,17,0,0
19,52,4,21,0,0
20,52,3,22,0,0
21,52,2,16,0,0
22,52,1,24,0,0
23,52,0,25,0,0
24,52,1,17,0,0
25,52,9,20,0,0
26,52,4,25,0,0
27,52,3,20,0,0
28,52,1,21,0,0
29,52,2,17,0,0
30,52,0,13,0,0
31,52,2,12,0,0
32,52,1,22,0,0
33,52,1,19,0,0
34,52,1,24,0,0
35,52,1,22,0,0
36,52,0,16,0,0
37,52,4,22,0,0
38,52,4,23,0,0
39,52,1,10,0,0
40,52,0,20,0,0
41,52,0,20,0,0
42,52,1,20,0,0
43,52,0,26,0,0
44,52,1,15,0,0
45,52,3,20,0,0
46,52,1,20,0,0
47,52,2,24,0,0
48,52,0,18,0,0
49,52,1,8,0,0
11,53,1,14,0,0
12,53,2,13,0,0
13,53,8,15,0,0
14,53,6,14,0,0
15,53,7,21,0,0
16,53,6,24,0,0
17,53,0,14,0,0
18,53,3,16,0,0
19,53,2,26,0,0
20,53,0,18,0,0
21,53,0,23,0,0
22,53,2,19,0,0
23,53,1,13,0,0
24,53,0,22,0,0
25,53,3,17,0,0
26,53,8,21,0,0
27,53,4,17,0,0
28,53,1,11,0,0
29,53,0,24,0,0
30,53,0,22,0,0
31,53,1,19,0,0
32,53,0,16,0,0
33,53,2,18,0,0
34,53,3,23,0,0
35,53,0,21,0,0
36,53,0,14,0,0
37,53,2,19,0,0
38,53,3,21,0,0
39,53,1,23,0,0
40,53,1,14,0,0
41,53,1,8,0,0
42,53,0,16,0,0
43,53,6,23,0,0
44,53,3,16,0,0
45,53,1,17,0,0
46,53,1,30,0,0
47,53,1,8,0,0
48,53,0,11,0,0
13,54,6,13,0,0
14,54,6,23,0,0
15,54,2,13,0,0
16,54,3,27,0,0
17,54,0,13,0,0
18,54,2,16,0,0
19,54,1,21,0,0
20,54,4,24,0,0
21,54,3,24,0,0
22,54,3,20,0,0
23,54,1,22,0,0
24,54,4,22,0,0
25,54,2,16,0,0
26,54,32,19,0,0
27,54,47,12,0,0
28,54,4,27,0,0
29,54,3,12,0,0
30,54,1,23,0,0
31,54,1,26,0,0
32,54,1,13,0,0
33,54,1,9,0,0
34,54,1,16,0,0
35,54,1,22,0,0
36,54,2,23,0,0
37,54,0,20,0,0
38,54,5,16,0,0
39,54,6,26,0,0
40,54,2,19,0,0
41,54,1,19,0,0
42,54,0,27,0,0
43,54,2,20,0,0
44,54,1,18,0,0
45,54,0,14,0,0
46,54,1,7,0,0
14,55,2,9,0,0
15,55,2,14,0,0
16,55,2,16,0,0
17,55,2,22,0,0
18,55,2,27,0,0
19,55,2,12,0,0
20,55,2,20,0,0
21,55,4,18,0,0
22,55,0,21,0,0
23,55,4,28,0,0
24,55,2,13,0,0
25,55,1,12,0,0
26,55,7,12,0,0
27,55,3,15,0,0
28,55,2,17,0,0
29,55,5,18,0,0
30,55,2,23,0,0
31,55,3,17,0,0
32,55,2,24,0,0
33,55,1,22,0,0
34,55,1,19,0,0
35,55,0,21,0,0
36,55,1,17,0,0
37,55,2,25,0,0
38,55,2,26,0,0
39,55,1,25,0,0
40,55,2,22,0,0
41,55,2,34,0,0
42,55,5,16,0,0
43,55,3,19,0,0
44,55,1,22,0,0
45,55,0,12,0,0
16,56,0,9,0,0
17,56,3,13,0,0
18,56,4,26,0,0
19,56,2,17,0,0
20,56,2,21,0,0
21,56,9,22,0,0
22,56,2,25,0,0
23,56,3,16,0,0
24,56,1,17,0,0
25,56,3,25,0,0
26,56,7,16,0,0
27,56,7,19,0,0
28,56,2,17,0,0
29,56,5,20,0,0
30,56,1,18,0,0
31,56,2,14,0,0
32,56,2,12,0,0
33,56,2,16,0,0
34,56,1,26,0,0
35,56,6,18,0,0
36,56,3,24,0,0
37,56,5,20,0,0
38,56,0,31,0,0
39,56,3,16,0,0
40,56,1,18,0,0
41,56,0,18,0,0
42,56,3,17,0,0
43,56,3,9,0,0
18,57,3,8,0,0
19,57,3,18,0,0
20,57,0,11,0,0
21,57,2,21,0,0
22,57,3,16,0,0
23,57,1,23,0,0
24,57,3,11,0,0
25,57,1,24,0,0
26,57,7,18,0,0
27,57,21,23,0,0
28,57,3,18,0,0
29,57,6,12,0,0
30,57,0,23,0,0
31,57,2,22,0,0
32,57,3,16,0,0
33,57,2,21,0,0
34,57,0,19,0,0
35,57,0,18,0,0
36,57,1,16,0,0
37,57,1,28,0,0
38,57,2,17,0,0
39,57,4,16,0,0
40,57,3,10,0,0
41,57,0,7,0,0
21,58,3,9,0,0
22,58,0,12,0,0
23,58,3,14,0,0
24,58,1,14,0,0
25,58,1,17,0,0
26,58,2,12,0,0
27,58,1,24,0,0
28,58,2,15,0,0
29,58,1,20,0,0
30,58,2,14,0,0
31,58,2,24,0,0
32,58,1,13,0,0
33,58,2,17,0,0
34,58,2,13,0,0
35,58,2,12,0,0
36,58,1,15,0,0
37,58,0,20,0,0
38,58,0,11,0,0
25,59,2,8,0,0
26,59,2,12,0,0
27,59,0,14,0,0
28,59,2,11,0,0
29,59,3,20,0,0
30,59,1,12,0,0
31,59,0,12,0,0
32,59,0,15,0,0
33,59,1,13,0,0
34,59,1,11,0,0
